id, value
Henry VII,
Henry VII.Arthur,
Henry VII.Margaret Tudor,
Henry VII.Margaret Tudor.James Stewart,
Henry VII.Margaret Tudor.Arthur Stewart,
Henry VII.Margaret Tudor.James V,
Henry VII.Margaret Tudor.James V.Robert Stewart,
Henry VII.Margaret Tudor.James V.James Stewart,
Henry VII.Margaret Tudor.James V.James Stewart.Elizabeth Stewart,
Henry VII.Margaret Tudor.James V.Mary Queen of Scots,
Henry VII.Margaret Tudor.James V.Mary Queen of Scots.James VI and I,
Henry VII.Margaret Tudor.James V.Mary Queen of Scots.James VI and I.Henry Frederick,
Henry VII.Margaret Tudor.James V.Mary Queen of Scots.James VI and I.Elizabeth Stuart,
Henry VII.Margaret Tudor.James V.Mary Queen of Scots.James VI and I.Charles I,
Henry VII.Margaret Tudor.James V.Mary Queen of Scots.James VI and I.Charles I.Charles II,
Henry VII.Margaret Tudor.James V.Mary Queen of Scots.James VI and I.Charles I.Mary,
Henry VII.Margaret Tudor.James V.Mary Queen of Scots.James VI and I.Charles I.James II and VII,
Henry VII.Margaret Tudor.James V.Mary Queen of Scots.James VI and I.Charles I.James II and VII.Mary II,
Henry VII.Margaret Tudor.James V.Mary Queen of Scots.James VI and I.Charles I.James II and VII.Anne I,
Henry VII.Margaret Tudor.James V.Mary Queen of Scots.James VI and I.Charles I.James II and VII.James Francis Edward Stuart,
Henry VII.Margaret Tudor.James V.Mary Queen of Scots.James VI and I.Charles I.James II and VII.Louisa Maria Teresa Stuart,
Henry VII.Margaret Tudor.James V.Mary Queen of Scots.James VI and I.Charles I.James II and VII.Henrietta FitzJames,
Henry VII.Margaret Tudor.James V.Mary Queen of Scots.James VI and I.Charles I.James II and VII.James FitzJames,
Henry VII.Margaret Tudor.James V.Mary Queen of Scots.James VI and I.Charles I.James II and VII.Henry FitzJames,
Henry VII.Margaret Tudor.James V.Mary Queen of Scots.James VI and I.Charles I.Elizabeth,
Henry VII.Margaret Tudor.James V.Mary Queen of Scots.James VI and I.Charles I.Anne,
Henry VII.Margaret Tudor.James V.Mary Queen of Scots.James VI and I.Charles I.Henry,
Henry VII.Margaret Tudor.James V.Mary Queen of Scots.James VI and I.Charles I.Henrietta,
Henry VII.Margaret Tudor.Alexander Stewart,
Henry VII.Margaret Tudor.Margaret Douglas,
Henry VII.Henry VIII,
Henry VII.Henry VIII.Mary I,
Henry VII.Henry VIII.Elizabeth I,
Henry VII.Henry VIII.Edward VI,
Henry VII.Elizabeth Tudor,
Henry VII.Mary Tudor,
Henry VII.Mary Tudor.Frances Grey,
Henry VII.Mary Tudor.Frances Grey.Lady Jane Grey,
Henry VII.Mary Tudor.Frances Grey.Lady Catherine Grey,
Henry VII.Mary Tudor.Frances Grey.Lady Mary Grey,
Henry VII.Mary Tudor.Eleanor Clifford,
Henry VII.Mary Tudor.Eleanor Clifford.Lady Margaret Clifford,
Henry VII.Edmund Tudor,
Henry VII.Katherine Tudor
